,urls
0,https://futurice.com/blog/the-importance-of-customer-focus
1,https://futurice.com/blog/futustories-six-reasons-pasi-left-and-came-back-to-futurice
2,https://futurice.com/blog/foresight-methods-and-strategic-planning
3,https://futurice.com/blog/uncertainty-in-business-volatile-market
4,https://futurice.com/blog/futustories-emma-leena-heikkinens-story
5,https://futurice.com/blog/safe-route-uncertain-times
6,https://futurice.com/blog/data-provides-the-key-to-sustainability
7,https://futurice.com/blog/mob-programming
8,https://futurice.com/blog/futustories-meet-luisa-senior-software-engineer-and-tech-advisor
9,https://futurice.com/blog/futustories-a-day-at-futurice-with-seth-peters
10,https://futurice.com/blog/microsoft-azure-immersion-workshops-h2-2022
11,https://futurice.com/blog/futurice-sunray-finnish-midsummer
12,https://futurice.com/blog/corporate-foresight
13,https://futurice.com/blog/five-things-we-have-done-to-support-mental-health-in-the-workplace
14,https://futurice.com/blog/futurice-academy-opens-the-door-to-lifelong-learning
15,https://futurice.com/blog/accessible-digital-services-are-an-essential-part-of-an-inclusive-world
16,https://futurice.com/blog/future-of-mobility
17,https://futurice.com/blog/mlops-what-is-it-and-what-can-you-do-with-it
18,https://futurice.com/blog/futustories-meet-dariia-ux-ui-design
19,https://futurice.com/blog/what-is-sre-and-how-does-it-relate-to-devops
20,https://futurice.com/blog/three-steps-to-creating-a-future-proof-connected-company
21,https://futurice.com/blog/working-at-futurice-learning-and-improving-together
22,https://futurice.com/blog/futustories-meet-maiju-culture-consultant-and-service-designer
23,https://futurice.com/blog/sustainability-and-the-next-big-thing
24,https://futurice.com/blog/sre-for-dev-ops
25,https://futurice.com/blog/ops-devops-sre
26,https://futurice.com/blog/futustories-meet-elizabeth-software-developer
27,https://futurice.com/blog/three-tips-to-stand-out-and-land-your-dream-job-in-the-tech-industry
28,https://futurice.com/blog/agile-tips-and-tricks
29,https://futurice.com/blog/how-do-agile-and-devops-interrelate
30,https://futurice.com/blog/microsoft-azure-immersion-workshops-h1-2022
31,https://futurice.com/blog/futustories-meet-marc-senior-digital-product-designer
32,https://futurice.com/blog/what-is-devops
33,https://futurice.com/blog/breaking-the-language-barrier
34,https://futurice.com/blog/a-short-introduction-to-nfts
35,https://futurice.com/blog/if-you-had-a-choice-would-you-select-speed-over-safety
36,https://futurice.com/blog/future-thinking-and-strategic-foresight
37,https://futurice.com/blog/devops-engineer-what-do-they-do-and-how-to-become-one
38,https://futurice.com/blog/futustories-meet-lisha-senior-designer
39,https://futurice.com/blog/futustories-six-things-caique-learned-from-living-and-working-in-different
40,https://futurice.com/blog/how-different-are-europes-new-energy-companies-from-their-more-established
41,https://futurice.com/blog/coding-a-healthier-future
42,https://futurice.com/blog/creating-a-partner-api-using-personal-access-tokens
43,https://futurice.com/blog/futustories-five-things-that-have-inspired-suvi-as-a-designer
44,https://futurice.com/blog/ecosystem-assessment-unlocking-the-hidden-value-of-health-related-services
45,https://futurice.com/blog/beating-the-roadblocks-navigating-mobilitys-route-to-net-zero-and-zero-emissions
46,https://futurice.com/blog/building-better-patient-journeys-for-cancer-patients-and-their-relatives
47,https://futurice.com/blog/futustories-meet-kajsa-software-developer-and-designer
48,https://futurice.com/blog/10-signs-to-indicate-you-are-a-senior-designer
49,https://futurice.com/blog/we-know-where-but-we-need-data-for-when
50,https://futurice.com/blog/futustories-meet-gian-managing-director-berlin
51,https://futurice.com/blog/futustories-five-things-juhis-has-learned-about-tech-communities
52,https://futurice.com/blog/what-is-automl-and-how-can-it-be-applied-to-practice
53,https://futurice.com/blog/futustories-meet-tech-lead-johan
54,https://futurice.com/blog/does-patent-data-suggest-europes-biggest-energy-providers-are-adapting-their
55,https://futurice.com/blog/improved-accessibility-is-key-to-a-better-mobility-experience
56,https://futurice.com/blog/product-vs-project
57,https://futurice.com/blog/futustories-meet-tuomas-senior-business-designer
58,https://futurice.com/blog/futurice-invests-in-vuono-group
59,https://futurice.com/blog/futustories-meet-teemu-lead-data-scientist
60,https://futurice.com/blog/as-micromobility-matures-controversy-turns-into-collaboration
61,https://futurice.com/blog/my-week-futu
62,https://futurice.com/blog/how-to-make-remote-work-actually-work
63,https://futurice.com/blog/sustainability-at-large-energy-companies-does-talk-translate-into-actions
64,https://futurice.com/blog/future-of-retail-2030-explore-data-driven-growth-opportunities
65,https://futurice.com/blog/futustories-meet-theresa-office-and-feel-good-manager
66,https://futurice.com/blog/six-inspirational-ways-to-make-money-with-data
67,https://futurice.com/blog/chasing-a-vision
68,https://futurice.com/blog/making-vehicle-aftersales-a-more-positive-experience-for-everyone-involved
69,https://futurice.com/blog/futustories-meet-eeva-head-of-strategy-and-culture
70,https://futurice.com/blog/understanding-how-companies-really-talk-about-sustainability-an-experiment
71,https://futurice.com/blog/for-bicyclists-democratizing-data-is-a-matter-of-life-and-death
72,https://futurice.com/blog/why-software-transitions-often-fail-and-how-to-help-them-succeed
73,https://futurice.com/blog/an-organizational-guide-to-machine-learning-business-cases-sanoma
74,https://futurice.com/blog/futustories-meet-joel-senior-software-engineer
75,https://futurice.com/blog/climate-focused-partnerships-and-rapid-co-creation-will-drive-the-e-mobility
76,https://futurice.com/blog/time-to-rebuild-the-travel-industry-is-now
77,https://futurice.com/blog/futustories-five-things-ive-learned-from-my-time-at-futurice-with-carita
78,https://futurice.com/blog/taking-the-high-road-towards-sustainable-mobility
79,https://futurice.com/blog/futucare-taking-care-of-your-software
80,https://futurice.com/blog/futustories-meet-sonja-managing-director-sweden
81,https://futurice.com/blog/cabin-in-the-lowcode-woods
82,https://futurice.com/blog/futustories-one-day-with-kilian-senior-designer
83,https://futurice.com/blog/how-to-achieve-data-mesh-teams-and-culture
84,https://futurice.com/blog/futustories-phil-and-what-they-love-about-their-job-as-senior-tech-consultant
85,https://futurice.com/blog/introducing-mika-harjuaho-our-new-cfo
86,https://futurice.com/blog/futustories-six-things-ayca-has-learned-during-her-service-design-career
87,https://futurice.com/blog/the-role-of-technology-in-data-mesh-architecture
88,https://futurice.com/blog/open-sourcing-futulog
89,https://futurice.com/blog/futustories-meet-freyr-senior-fullstack-developer
90,https://futurice.com/blog/have-you-tried-deno-yet
91,https://futurice.com/blog/futustories-meet-joana-design-lead-stuttgart
92,https://futurice.com/blog/futustories-meet-eeva-jonna-senior-software-developer-and-accessibility
93,https://futurice.com/blog/futurices-new-subsidiary-recordly
94,https://futurice.com/blog/simo-leisti-appointed-as-futurice-group-ceo
95,https://futurice.com/blog/introducing-the-futurice-inclusion-canvas
96,https://futurice.com/blog/verification-of-zero-downtime-deployments-using-github-actions
97,https://futurice.com/blog/minimum-viable-iot-platform
98,https://futurice.com/blog/halfway-through-the-year-how-are-we-doing-on-our-diversity-equity-and
99,https://futurice.com/blog/building-an-aws-serverless-system-integration-testing-and-accessing-private
100,https://futurice.com/blog/building-an-aws-serverless-system-conveniently
101,https://futurice.com/blog/building-an-aws-serverless-system-provisioned-concurrency-zero-downtime
102,https://futurice.com/blog/a-guide-to-accessible-design-for-connected-products-and-services
103,https://futurice.com/blog/helping-the-health-sector-evolve-with-digital-innovation-tools
104,https://futurice.com/blog/case-study-how-to-test-a-service-under-production-load-before-production
105,https://futurice.com/blog/why-do-many-companies-struggle-with-platform-ecosystems
106,https://futurice.com/blog/the-knowledge-centric-organisation
107,https://futurice.com/blog/celebrating-our-people-certified-in-accessibility
108,https://futurice.com/blog/vr-ohjus-runs-on-data-and-design
109,https://futurice.com/blog/satellite-monitoring-of-electricity-networks
110,https://futurice.com/blog/the-great-adventure-one-futuriceans-career-journey-through-our-offices
111,https://futurice.com/blog/bridging-sectors-with-james-buxton
112,https://futurice.com/blog/bridging-sectors-imogen-pierce
113,https://futurice.com/blog/experiences-of-data-driven-design-futurice-exponential
114,https://futurice.com/blog/bridging-sectors-with-jacqui-murray
115,https://futurice.com/blog/how-to-get-remote-onboarding-right
116,https://futurice.com/blog/data-portrait-postcards
117,https://futurice.com/blog/how-spice-program-supported-my-creation-of-235
118,https://futurice.com/blog/bridging-sectors-lucy-yu
119,https://futurice.com/blog/bridging-sectors-carl-bayliss
120,https://futurice.com/blog/future-is-where-design-meets-data
121,https://futurice.com/blog/when-should-organizations-consider-data-mesh
122,https://futurice.com/blog/smart-mobility-series-sustainable-mobility
123,https://futurice.com/blog/im-certified-professional-growth-and-development-at-futurice
124,https://futurice.com/blog/the-rules-of-react-hooks-and-how-we-messed-up
125,https://futurice.com/blog/people-of-tammerforce-taru
126,https://futurice.com/blog/building-a-more-digital-healthcare-sector-with-the-connected-health-kit
127,https://futurice.com/blog/people-of-tammerforce-juan
128,https://futurice.com/blog/tammerforce-people-anni
129,https://futurice.com/blog/people-of-tammerforce-enni
130,https://futurice.com/blog/people-of-tammerforce-antti
131,https://futurice.com/blog/people-of-tammerforce-joona
132,https://futurice.com/blog/people-of-tammerforce-rudolf
133,https://futurice.com/blog/dont-get-left-behind-when-germany-re-opens-for-business
134,https://futurice.com/blog/interview-with-mobility-expert-albert-vogl-bader-carployee
135,https://futurice.com/blog/in-the-energy-market-data-is-the-new-sustainable-revenue-source
136,https://futurice.com/blog/smart-mobility-webinar-uk-public-transport
137,https://futurice.com/blog/energy-expert-interview-with-henrik-schapp-greencom-networks
138,https://futurice.com/blog/how-we-co-created-our-tech-strategy
139,https://futurice.com/blog/interview-with-dr-anne-sophie-geier-spitzenverband-digitale
140,https://futurice.com/blog/the-power-shift-how-will-decentralized-markets-change-the-energy-industry
141,https://futurice.com/blog/best-practices-for-creating-fast-business-value-from-data-and-analytics
142,https://futurice.com/blog/care-space-and-time
143,https://futurice.com/blog/microsoft-azure-advanced-specialization
144,https://futurice.com/blog/futuriceans-coming-together-to-address-gender-bias-in-tech
145,https://futurice.com/blog/girls-takeover-a-memorable-day-as-the-ceo-of-futurice
146,https://futurice.com/blog/design-activism-for-a-better-world-every-day-tools
147,https://futurice.com/blog/5-energy-trends-to-watch-out-for-in-2021
148,https://futurice.com/blog/futustories-meet-daniel-who-is-enjoying-the-variety-of-a-consultancy
149,https://futurice.com/blog/futustories-meet-mustafa-designer-and-data-visualist
150,https://futurice.com/blog/futustories-six-things-megan-loves-about-her-job
151,https://futurice.com/blog/20-quotes-about-being-a-summer-intern-at-futurice
152,https://futurice.com/blog/futustories-meet-sachin-tech-lead
153,https://futurice.com/blog/futustories-sharing-stories-behind-futurice-meet-sebastian-culture-and-agile
154,https://futurice.com/blog/a-new-job-in-the-year-of-corona
155,https://futurice.com/blog/futustories-sharing-stories-behind-futurice-meet-andrada-data-scientist
156,https://futurice.com/blog/smarter-operations-through-data-and-analytics
157,https://futurice.com/blog/futustories-one-day-with-software-and-business-developer-antti
158,https://futurice.com/blog/futustories-nine-things-ive-learned-by-antti
159,https://futurice.com/blog/predictive-healthcare-bci
160,https://futurice.com/blog/smart-mobility-webinar-auto-retail
161,https://futurice.com/blog/interview-with-jens-waldmann-founder-adjutem
162,https://futurice.com/blog/futustories-sharing-stories-behind-futurice-meet-melanie-design-principal
163,https://futurice.com/blog/my-open-source-journey
164,https://futurice.com/blog/trustworthy-services-from-cloud-provider-impartiality
165,https://futurice.com/blog/futustories-sharing-stories-behind-futurice-meet-bence-junior-designer
166,https://futurice.com/blog/energy-expert-interview-with-chris-baumann-tado
167,https://futurice.com/blog/why-the-future-of-medtech-depends-on-world-class-digital-services
168,https://futurice.com/blog/futustories-sharing-stories-behind-futurice-meet-laura-senior-ux-designer
169,https://futurice.com/blog/data-enabled-organisations-are-resilient-and-innovative
170,https://futurice.com/blog/three-vital-components-of-a-data-enabled-organisation
171,https://futurice.com/blog/lean-enterprise-architecture-the-company-api
172,https://futurice.com/blog/5-react-native-takeaways-one-year-later
173,https://futurice.com/blog/interview-with-jaakko-nurkka-co-founder-cliniserve
174,https://futurice.com/blog/first-four-weeks-at-futurice
175,https://futurice.com/blog/energy-expert-interview-with-dr-carlos-haertel
176,https://futurice.com/blog/how-i-learned-to-stop-worrying-and-love-data
177,https://futurice.com/blog/data-and-ecosystems-are-the-future-of-healthcare
178,https://futurice.com/blog/hacker-news-favorites
179,https://futurice.com/blog/how-to-heal-the-supply-chain-issues-within-healthcare
180,https://futurice.com/blog/our-three-step-formula-to-building-winning-digital-healthcare-services
181,https://futurice.com/blog/interview-with-friedrich-laemmel-co-founder-thryve
182,https://futurice.com/blog/interview-with-mobility-expert-augustin-friedel
183,https://futurice.com/blog/interview-with-mobility-expert-christian-hoeber-co-founder-pinkbus
184,https://futurice.com/blog/how-to-run-a-remote-design-critique
185,https://futurice.com/blog/futurices-new-subsidiary-meltlake
186,https://futurice.com/blog/a-detailed-look-at-camunda-bpmn-application-development
187,https://futurice.com/blog/smarter-energy-grid-maintenance-and-development-for-a-more-resilient-future
188,https://futurice.com/blog/terraform-recipe-wordpress-fargate
189,https://futurice.com/blog/interview-with-mobility-expert-katharina-wagner
190,https://futurice.com/blog/from-office-to-space
191,https://futurice.com/blog/leaders-build-resilience-through-sharing
192,https://futurice.com/blog/interviewing-remotely-did-i-succeed
193,https://futurice.com/blog/what-open-source-can-do-for-music-making
194,https://futurice.com/blog/form-critique-with-love
195,https://futurice.com/blog/whats-next-energy-an-interview-with-jan-hermann
196,https://futurice.com/blog/building-futurice-into-an-inclusive-workplace
197,https://futurice.com/blog/whats-next-energy-an-interview-with-lauri-anttila
198,https://futurice.com/blog/there-is-no-just-or-how-to-make-knowledge-transfer-work-better
199,https://futurice.com/blog/business-forecasting-with-facebook-prophet
200,https://futurice.com/blog/why-customer-centricity-is-key-to-succeeding-in-the-energy-business
201,https://futurice.com/blog/whats-next-energy-an-interview-with-pirja-heiskanen
202,https://futurice.com/blog/accessibility-at-work-global-accessibility-awareness-day-2020-recap
203,https://futurice.com/blog/interview-with-mobility-expert-dr-martin-vetter-tuev-sued
204,https://futurice.com/blog/practical-guidelines-for-spotting-machine-learning-use-cases
205,https://futurice.com/blog/whats-next-energy-an-interview-with-emile-stoverinck
206,https://futurice.com/blog/enabling-the-future-of-demand-response-at-scale
207,https://futurice.com/blog/transition-towards-cleaner-energy-production
208,https://futurice.com/blog/what-is-our-strategy-really
209,https://futurice.com/blog/openresty-a-swiss-army-proxy-for-serverless
210,https://futurice.com/blog/how-responsible-design-can-help-prevent-exclusion
211,https://futurice.com/blog/interview-with-mobility-expert-valentin-jahn-car2ad
212,https://futurice.com/blog/case-corosim-operationalising-a-data-driven-management-system
213,https://futurice.com/blog/identity-aware-proxy-for-google-cloud-run
214,https://futurice.com/blog/its-time-for-courageous-and-unprecedented-moves
215,https://futurice.com/blog/what-i-learned-co-creating-one-of-the-fastest-growing-apps-in-finland
216,https://futurice.com/blog/automating-automation-bpmn-openapi
217,https://futurice.com/blog/answering-your-react-apps-questions-with-redux-selectors
218,https://futurice.com/blog/business-model-innovation-helps-industrial-firms-move-beyond-covid-19
219,https://futurice.com/blog/leadership-after-corona-a-personal-view
220,https://futurice.com/blog/our-journey-with-okrs-so-far
221,https://futurice.com/blog/from-bits-to-pieces-how-design-systems-improve-collaboration
222,https://futurice.com/blog/friends-and-family-minecraft-server-terraform-recipe
223,https://futurice.com/blog/know-your-customers-with-rfm
224,https://futurice.com/blog/easy-tools-for-resilient-futures
225,https://futurice.com/blog/a-grand-market-entrance-how-to-successfully-design-an-urban-mobility-ecosystem
226,https://futurice.com/blog/at-least-once-delivery-for-serverless-camunda-workflow-automation
227,https://futurice.com/blog/joining-forces-with-germanys-brightest-minds-to-fight-the-pandemic
228,https://futurice.com/blog/read-goog-doc-using-service-account
229,https://futurice.com/blog/serverless-camunda-terraform-recipe-using-cloud-run-and-cloud-sql
230,https://futurice.com/blog/get-the-most-out-of-remote-work
231,https://futurice.com/blog/a-story-of-one-ladys-journey-in-tech
232,https://futurice.com/blog/the-long-haul-how-to-win-the-race-for-the-future-of-urban-mobility
233,https://futurice.com/blog/confessions-of-a-recovering-car-a-holic
234,https://futurice.com/blog/non-technical-skills-matter-for-a-data-scientist
235,https://futurice.com/blog/battle-for-future-a-fusion-of-art-and-data
236,https://futurice.com/blog/what-are-digital-twins-really
237,https://futurice.com/blog/tech-weeklies-as-a-learning-platform
238,https://futurice.com/blog/leveraging-the-power-of-trust-and-data-in-urban-mobility
239,https://futurice.com/blog/waste-not-want-not
240,https://futurice.com/blog/im-a-developer-not-a-coder-my-experiences-of-working-in-an-innovation
241,https://futurice.com/blog/connected-manufacturing-leaders-summit-in-berlin-day-two
242,https://futurice.com/blog/connected-manufacturing-leaders-summit-in-berlin-day-one
243,https://futurice.com/blog/systems-thinking-and-sustainability
244,https://futurice.com/blog/mastering-bigquery-costs
245,https://futurice.com/blog/building-trust-and-creating-value-how-to-use-data-in-mobility-ecosystems
246,https://futurice.com/blog/international-work-professional-growth-and-tampere-vibes
247,https://futurice.com/blog/man-data-hackathon-2019
248,https://futurice.com/blog/the-rise-of-voice-interfaces
249,https://futurice.com/blog/cars-bots-prototyping
250,https://futurice.com/blog/a-new-age-for-nordic-manufacturing
251,https://futurice.com/blog/why-stupid-questions-are-often-the-most-important-ones
252,https://futurice.com/blog/how-stuttgart-saved-me-from-getting-stuck-in-a-rut
253,https://futurice.com/blog/bigquery-to-memorystore
254,https://futurice.com/blog/collaborating-for-a-resilient-future
255,https://futurice.com/blog/how-to-spark-change-with-agile-coaching-part-2-scaling-change
256,https://futurice.com/blog/what-is-it-like-to-work-at-futurice-summer-2019
257,https://futurice.com/blog/how-to-spark-change-with-agile-coaching
258,https://futurice.com/blog/coding-school-for-futurice-children
259,https://futurice.com/blog/why-a-tech-company-needs-artistic-interventions
260,https://futurice.com/blog/co-design-for-managing-uncertainty
261,https://futurice.com/blog/sonja-lakner-new-md-for-futurice-stockholm
262,https://futurice.com/blog/five-hot-takes-from-a-whirlwind-tour-of-ifa-2020
263,https://futurice.com/blog/ai-futurace
264,https://futurice.com/blog/itclusive-together-we-can-make-it-more-inclusive-in-finland
265,https://futurice.com/blog/three-steps-to-extracting-business-value-from-ai
266,https://futurice.com/blog/programming-with-state-concurrency
267,https://futurice.com/blog/programming-with-state-architectural-roles
268,https://futurice.com/blog/programming-with-state-values-and-entities
269,https://futurice.com/blog/a-robotic-tutor-of-sign-language-for-children-with-autism
270,https://futurice.com/blog/transitioning-to-circular-economy-pick-futurice
271,https://futurice.com/blog/fintech-innovation-four-quick-wins
272,https://futurice.com/blog/biometrics-future-travel
273,https://futurice.com/blog/the-little-robot-that-lived-at-the-library
274,https://futurice.com/blog/how-browserstack-can-speed-design-reviews-for-teams-using-jira
275,https://futurice.com/blog/learning-clojure-at-futurice-how-does-it-happen
276,https://futurice.com/blog/futurice-and-peltarion-partner-up-to-empower-clients-with-operational-ai
277,https://futurice.com/blog/the-robotic-influencers-of-our-future-a-minecraft-playing-twitch-streaming
278,https://futurice.com/blog/staying-human-centred-in-a-data-economy
279,https://futurice.com/blog/carmakers-ecosystems-orchestrators-a-design-fiction-case-for-2030
280,https://futurice.com/blog/car-makers-and-their-ecosystem
281,https://futurice.com/blog/what-i-learned-during-my-brief-existence-as-a-robot
282,https://futurice.com/blog/what-next-for-cx
283,https://futurice.com/blog/adding-social-features-to-an-mir-autonomous-mobile-robot
284,https://futurice.com/blog/how-to-create-meaningful-digital-products
285,https://futurice.com/blog/5-things-to-consider-when-facilitating-remote-co-creation-workshops
286,https://futurice.com/blog/futurice-appoints-david-mitchell-as-uk-md
287,https://futurice.com/blog/service-core-a-net-core-microservice-backend
288,https://futurice.com/blog/bringing-home-to-work
289,https://futurice.com/blog/hacking-the-arts
290,https://futurice.com/blog/why-your-company-needs-a-design-system-and-how-to-start-creating-one
291,https://futurice.com/blog/designing-businesses-with-social-impact
292,https://futurice.com/blog/strategic-foresight
293,https://futurice.com/blog/futurice-germany-is-expanding-new-office-opens-in-stuttgart
294,https://futurice.com/blog/field-ops-guide
295,https://futurice.com/blog/the-humble-coffee-shop-experience
296,https://futurice.com/blog/introducing-redux-preboiled
297,https://futurice.com/blog/bach-to-the-future-or-humanising-music-with-neural-nets
298,https://futurice.com/blog/hannover-messe-2019-impressions
299,https://futurice.com/blog/omnibility-talk-series-interview-with-benjamin-mosse-cpo-heycar
300,https://futurice.com/blog/omnibility-talk-series-interview-with-valentin-jahn-ceo-car2ad-gmbh
301,https://futurice.com/blog/omnibility-talk-series-interview-with-kees-romkes-head-of-product-oply-gmbh
302,https://futurice.com/blog/agile-transformation-for-the-whole-organisation
303,https://futurice.com/blog/culture-is-the-key-to-the-future
304,https://futurice.com/blog/partner-to-protect-how-energy-firms-need-smart-alliances-to-keep-their
305,https://futurice.com/blog/announcing-fromfrom
306,https://futurice.com/blog/what-you-need-to-know-when-designing-ubiquitous-computing-applications
307,https://futurice.com/blog/making-united-nations-sdgs-stick
308,https://futurice.com/blog/construction-digital-transformation
309,https://futurice.com/blog/stretch-your-mind-it-makes-you-future-capable
310,https://futurice.com/blog/improving-documentation-of-open-source-software
311,https://futurice.com/blog/futurice-winter-classic-2019
312,https://futurice.com/blog/prototyping-with-pela-blocks
313,https://futurice.com/blog/improv-maps-and-why-time-travel-is-part-of-my-job-description
314,https://futurice.com/blog/purpose-driven-decisions-and-dialogue
315,https://futurice.com/blog/on-human-machine-collaboration
316,https://futurice.com/blog/johannes-stock-named-as-global-head-of-design
317,https://futurice.com/blog/futurice-professional-volunteering-bonus-extended
318,https://futurice.com/blog/understanding-business-objectives
319,https://futurice.com/blog/the-car-is-dead-long-live-the-mobility-ecosystem
320,https://futurice.com/blog/ai-machine-learning-and-deep-learning-explained
321,https://futurice.com/blog/whats-up-at-futurice-oslo
322,https://futurice.com/blog/modeling-qualitative-data-in-business-contexts
323,https://futurice.com/blog/five-ways-innovation-projects-from-theory-to-practice
324,https://futurice.com/blog/qualitative-modeling-helps-reveal-your-bias
325,https://futurice.com/blog/futurice-profile-web-designer
326,https://futurice.com/blog/introducing-business-design-to-msc-imperial-students
327,https://futurice.com/blog/future-proofing-strategic-business-decisions
328,https://futurice.com/blog/why-you-probably-dont-want-to-own-a-car-in-10-years
329,https://futurice.com/blog/introducing-the-futurice-principles-for-ethical-ai
330,https://futurice.com/blog/the-future-talks-moneycorp
331,https://futurice.com/blog/iot-kit-learning-by-teaching
332,https://futurice.com/blog/recap-on-kotlinconf-amsterdam-2018
333,https://futurice.com/blog/one-innovation-culture-please
334,https://futurice.com/blog/how-to-design-great-voice-services-for-kids
335,https://futurice.com/blog/travel-brands-should-share-data
336,https://futurice.com/blog/oil-wells-on-wheels-how-carmakers-can-extract-the-real-value-of-big-data
337,https://futurice.com/blog/holistic-devops-economies-of-speed
338,https://futurice.com/blog/carmakers-in-pole-position-to-lead-the-personal-data-race
339,https://futurice.com/blog/so-you-want-to-build-a-platform
340,https://futurice.com/blog/achievement-unlocked-five-time-microsoft-mvp
341,https://futurice.com/blog/change-is-simple-give-a-little-to-get-a-lot-back
342,https://futurice.com/blog/value-to-market-an-alternative-approach-to-service-innovation-in-the-auto
343,https://futurice.com/blog/privacy-and-personalisation-squaring-the-circle-for-travel-brands
344,https://futurice.com/blog/holistic-devops-it-is-not-a-project-and-it-is-not-it
345,https://futurice.com/blog/developing-ai-capabilities-at-futurice-germany
346,https://futurice.com/blog/ai-needs-responsible-adults
347,https://futurice.com/blog/dreaming-up-global-cloud-app-fabric-in-2018
348,https://futurice.com/blog/futurice-codebar-diversifying-tech
349,https://futurice.com/blog/will-oems-own-the-next-generation-of-data-driven-automotive-services
350,https://futurice.com/blog/toc-europe-harbor-of-the-future
351,https://futurice.com/blog/futurice-alumnus-sarvas-named-professor-of-practice-at-aalto-university
352,https://futurice.com/blog/bringing-frontend-to-2018
353,https://futurice.com/blog/when-momo-the-robot-met-children
354,https://futurice.com/blog/futupolis-and-berlin-a-tale-of-two-cities
355,https://futurice.com/blog/twitch-the-mtv-of-the-gaming-generation
356,https://futurice.com/blog/my-four-takeaways-from-the-ft-future-of-construction-summit
357,https://futurice.com/blog/microsoft-build-2018-retrospective
358,https://futurice.com/blog/mixed-reality-showdown-meta-2-vs-hololens
359,https://futurice.com/blog/what-it-takes-to-be-a-consultative-designer
360,https://futurice.com/blog/norway-is-the-new-black
361,https://futurice.com/blog/state-of-hype-tech-part-1
362,https://futurice.com/blog/operation-snowflake-is-here-again
363,https://futurice.com/blog/what-ive-learned-validating-with-joi
364,https://futurice.com/blog/could-machine-learning-help-us-build-world-peace
365,https://futurice.com/blog/keskos-k-markkinointi-uses-lsc-to-raise-their-marketing-services-to-the
366,https://futurice.com/blog/the-futurice-culture-handbook
367,https://futurice.com/blog/so-long-cowboy-my-four-sxsw-take-aways
368,https://futurice.com/blog/futurice-social-impact-projects-2017-2018-and-call-for-sponsorship
369,https://futurice.com/blog/an-approach-to-software-production-part-2
370,https://futurice.com/blog/an-approach-to-software-production-part-3
371,https://futurice.com/blog/an-approach-to-software-production-part-1
372,https://futurice.com/blog/futurice-design-day-2018-rethink-refresh
373,https://futurice.com/blog/pushing-the-limits-of-the-hololens-with-improved-hand-tracking
374,https://futurice.com/blog/how-we-measured-the-impact-of-gender-on-career-advancement-at-futurice
375,https://futurice.com/blog/understand-your-company-culture
376,https://futurice.com/blog/teemu-moisala-has-been-appointed-as-the-new-ceo-of-futurice-as-of-may-1st
377,https://futurice.com/blog/ixda-conference-2018-building-connections-and-dissolving-boundaries
378,https://futurice.com/blog/introduction-to-serverless
379,https://futurice.com/blog/in-digital-business-youth-rules-but-experience-helps-it-thrive
380,https://futurice.com/blog/classifying-text-with-fasttext-in-pyspark
381,https://futurice.com/blog/digital-business-delivery-leadership
382,https://futurice.com/blog/future-forces-2018
383,https://futurice.com/blog/differences-between-machine-learning-and-software-engineering
384,https://futurice.com/blog/when-self-organizing-becomes-a-burden
385,https://futurice.com/blog/visualising-finnish-arms-export-data
386,https://futurice.com/blog/my-takeaways-from-slush-2017
387,https://futurice.com/blog/radical-innovation-must-come-from-the-outside-not-within
388,https://futurice.com/blog/learnings-from-our-robot-croupier-at-slush
389,https://futurice.com/blog/lean-service-creation-inspired-educators-and-kids
390,https://futurice.com/blog/my-two-weeks-as-culture-detective-futurice-through-social-psychology-lenses
391,https://futurice.com/blog/learning-medicinal-habits-from-discussion-forum-data
392,https://futurice.com/blog/face-recognition-and-leonardo-dicaprio
393,https://futurice.com/blog/chilicorn-projects-nominated-for-awards
394,https://futurice.com/blog/making-an-open-source-paas
395,https://futurice.com/blog/nordic-dot-js-2017-takeaways-from-the-top-5-talks
396,https://futurice.com/blog/our-open-source-futuparty-app
397,https://futurice.com/blog/customer-experience-the-future-of-design-within-finance
398,https://futurice.com/blog/customer-experience-are-we-getting-it-all-wrong
399,https://futurice.com/blog/looking-back-to-iotswc201
400,https://futurice.com/blog/digital-transformation-at-a-glance
401,https://futurice.com/blog/elenia-wins-charge
402,https://futurice.com/blog/stepping-out-of-the-work-bubble-for-a-day-of-inspiration
403,https://futurice.com/blog/tampere-smart-office-keeps-getting-smarter
404,https://futurice.com/blog/hemmo-app-key-challenges-in-designing-for-children
405,https://futurice.com/blog/making-of-a-social-robot
406,https://futurice.com/blog/designing-notification-sounds
407,https://futurice.com/blog/how-can-cios-embrace-the-fully-digital-world
408,https://futurice.com/blog/now-i-know-how-to-tackle-things-if-problems-occur-lsc-in-practice-and-how-international-students-liked-to-work-with-it
409,https://futurice.com/blog/fantastic-problems-and-where-to-find-them
410,https://futurice.com/blog/us-vs-them-part-1-it-had-to-happen-here
411,https://futurice.com/blog/eit-summer-school-munich-3-lsc-an-experience-of-future-way-of-working
412,https://futurice.com/blog/futurice-in-prague-2017-number-futucamp
413,https://futurice.com/blog/tech-open-air-2017
414,https://futurice.com/blog/compliance
415,https://futurice.com/blog/refining-the-smart-office-vision
416,https://futurice.com/blog/helsinki-fashion-week
417,https://futurice.com/blog/in-search-of-the-perfect-workflow-version-control-for-sketch-powered-by-git
418,https://futurice.com/blog/in-pursuit-of-the-gummy-bear-what-a-neuroscientist-taught-me-about-digital-transformation
419,https://futurice.com/blog/creating-value-for-humans-with-internet-of-things
420,https://futurice.com/blog/pretzels-design-and-development
421,https://futurice.com/blog/futurice-sponsors-helsinki-pride
422,https://futurice.com/blog/cannes-lions
423,https://futurice.com/blog/the-best-place-on-earth-for-a-web-developer
424,https://futurice.com/blog/first-year-on-the-board
425,https://futurice.com/blog/frag-measure-learn-agile-methodologies-in-fps-games
426,https://futurice.com/blog/this-is-how-you-create-desired-future-in-uncertainty
427,https://futurice.com/blog/our-adventure-in-prague
428,https://futurice.com/blog/hate-speech-detection
429,https://futurice.com/blog/its-futucamp-time
430,https://futurice.com/blog/hiring-for-innovation
431,https://futurice.com/blog/leadership-and-planning-is-back-three-tips-to-survive-extreme-uncertainty
432,https://futurice.com/blog/designing-for-better-food-habits
433,https://futurice.com/blog/design-thinking-is-dead-long-live-innovation
434,https://futurice.com/blog/supporting-creativity-a-company-sponsored-open-source-musical-record
435,https://futurice.com/blog/empirical-methods-of-debugging
436,https://futurice.com/blog/xamarin-forms-seriously
437,https://futurice.com/blog/europes-first-platform-conference-by-zalando
438,https://futurice.com/blog/operation-snowflake-part-2-completed
439,https://futurice.com/blog/cycleconf-2017-attracted-some-very-different-cyclists-to-stockholm-this-spring
440,https://futurice.com/blog/how-does-analytics-connect-business-owners-and-designers
441,https://futurice.com/blog/teaching-service-design-and-lean
442,https://futurice.com/blog/open-sourcing-a-client-project
443,https://futurice.com/blog/lean-service-creation-meets-uni-students-who-meet-the-addicts
444,https://futurice.com/blog/operation-snowflake-returns
445,https://futurice.com/blog/a-story-how-we-made-the-futurice-winter-classic
446,https://futurice.com/blog/why-what-how-digital-agenda
447,https://futurice.com/blog/kesko-and-futurice-win-at-grand-one
448,https://futurice.com/blog/lsc-laughter-and-learning-in-lisbon
449,https://futurice.com/blog/how-to-do-brand-design-the-lean-way
450,https://futurice.com/blog/using-cycle-dot-js-to-view-real-time-satellite-test-data
451,https://futurice.com/blog/why-i-wouldnt-hire-donald-knuth
452,https://futurice.com/blog/augmented-and-virtual-reality-part-2
453,https://futurice.com/blog/augmented-and-virtual-reality-part-1
454,https://futurice.com/blog/service-design-the-18th-century-way
455,https://futurice.com/blog/7-design-principles-for-iot
456,https://futurice.com/blog/futurice-and-startups-a-new-approach
457,https://futurice.com/blog/how-we-select-charity-projects
458,https://futurice.com/blog/the-iot-service-kit-stirs-up-banking
459,https://futurice.com/blog/how-to-run-an-lsc-workshop-for-550-people
460,https://futurice.com/blog/futurices-pledge-for-international-womens-day
461,https://futurice.com/blog/scaling-our-smart-office
462,https://futurice.com/blog/small-is-beautiful-an-introduction-to-tribe-four
463,https://futurice.com/blog/building-digital-ecosystems-in-a-large-enterprise
464,https://futurice.com/blog/fosdem-2017-a-visitors-report
465,https://futurice.com/blog/capable-of-change-how-we-can-adapt-to-a-world-in-flux
466,https://futurice.com/blog/from-it-factories-to-digital-ecosystems-transforming-the-german-enterprise
467,https://futurice.com/blog/setting-up-the-perfect-team
468,https://futurice.com/blog/jamming-to-change-the-world
469,https://futurice.com/blog/nine-tips-to-building-empowering-management-structures
470,https://futurice.com/blog/ahto17-in-numbers
471,https://futurice.com/blog/the-importance-of-vision-mastering-continuity-and-change
472,https://futurice.com/blog/future-forces-2017
473,https://futurice.com/blog/adobe-xd-the-new-hope
474,https://futurice.com/blog/15-global-platform-players-tech-stacks
475,https://futurice.com/blog/leading-culture-change-means-changing-yourself-before-others
476,https://futurice.com/blog/what-are-bright-futures-made-of
477,https://futurice.com/blog/how-do-machines-learn-a-software-engineers-view
478,https://futurice.com/blog/falling-into-algorithm-design-path-simplification
479,https://futurice.com/blog/jhgh
480,https://futurice.com/blog/the-next-step-for-reactive-android-programming
481,https://futurice.com/blog/finding-the-new-in-you-and-the-things-you-do
482,https://futurice.com/blog/payroll-system-in-blockchain
483,https://futurice.com/blog/societys-change-agents
484,https://futurice.com/blog/innovation-paralysis-the-biggest-threat-to-big-business
485,https://futurice.com/blog/futuwear-final-proto
486,https://futurice.com/blog/data-science-at-slush-2016
487,https://futurice.com/blog/facial-recognition-with-a-human-touch
488,https://futurice.com/blog/shared-belief-values-and-behaviour-equals-culture
489,https://futurice.com/blog/fortune-cookie-anyone
490,https://futurice.com/blog/our-predictions-and-recommendations-for-slush-2016
491,https://futurice.com/blog/what-is-ahto17
492,https://futurice.com/blog/creating-tomorrows-energy-industry
493,https://futurice.com/blog/data-helps-energy-companies-build-better-services
494,https://futurice.com/blog/future-energy-providers-guardian-angels-or-cooks-without-recipes
495,https://futurice.com/blog/wartsila-innovation-culture
496,https://futurice.com/blog/disruption-proof-culture-cultivation
497,https://futurice.com/blog/hololens-futurice-helsinki-tour
498,https://futurice.com/blog/taking-design-as-a-whole-from-inspiring-to-concrete
499,https://futurice.com/blog/data-driven-design-day-2016-presentations
500,https://futurice.com/blog/easy-like-sunday-morning
501,https://futurice.com/blog/top-7-tips-for-the-model-in-android-architectures
502,https://futurice.com/blog/how-to-build-your-companys-digital-confidence
503,https://futurice.com/blog/be-a-senior-every-day-part-i
504,https://futurice.com/blog/take-home-messages-from-mydata-conference
505,https://futurice.com/blog/the-coding-game-case-engaging-pupils-with-coding-design-and-sales
506,https://futurice.com/blog/the-pros-and-cons-of-crowdsourcing-as-a-road-to-innovation
507,https://futurice.com/blog/the-secrets-of-digital-design-best-practice-revealed-as-part-of-the-london-design-festival
508,https://futurice.com/blog/accelerated-data-science-effort-with-veikkaus-dcontext
509,https://futurice.com/blog/this-might-change-your-way-of-thinking-about-light
510,https://futurice.com/blog/tools-for-data-driven-design-of-digital-services
511,https://futurice.com/blog/ftrc-is-go
512,https://futurice.com/blog/size-matters-autonomous-small-teams-get-more-things-done
513,https://futurice.com/blog/data-magic-for-better-customer-experiences-and-business
514,https://futurice.com/blog/how-to-write-a-thesis
515,https://futurice.com/blog/futurice-retail-trends-infographic
516,https://futurice.com/blog/inspiring-design-thinkers-of-the-future-in-bavaria
517,https://futurice.com/blog/intellectual-property-rights-101
518,https://futurice.com/blog/it-security-101
519,https://futurice.com/blog/futuwear-2
520,https://futurice.com/blog/digital-transformation-automotive-germany
521,https://futurice.com/blog/loki-service
522,https://futurice.com/blog/futuwear
523,https://futurice.com/blog/cms-done-right-vol-3
524,https://futurice.com/blog/futurice-retail-trends-preview-and-more
525,https://futurice.com/blog/state-of-legacy-in-sme
526,https://futurice.com/blog/authentication-databases-and-services
527,https://futurice.com/blog/data-structures-for-fast-autocomplete
528,https://futurice.com/blog/make-profound-change-a-project
529,https://futurice.com/blog/space-tyckiting-in-10-tweets
530,https://futurice.com/blog/its-the-strategy-stupid
531,https://futurice.com/blog/how-do-social-responsibility-activities-support-employee-engagement
532,https://futurice.com/blog/kesko-and-yrityskyla-win-blue-arrows
533,https://futurice.com/blog/pepperoni-our-open-source-blueprint-for-mobile-development
534,https://futurice.com/blog/code-camp-16-space-art
535,https://futurice.com/blog/stockholm-beer-and-tech-meetup-videos
536,https://futurice.com/blog/lets-travel-in-time
537,https://futurice.com/blog/samsung-kick-and-k-ruoka-get-some-love-from-grand-one
538,https://futurice.com/blog/the-art-of-conversation
539,https://futurice.com/blog/grand-one-finalists
540,https://futurice.com/blog/service-design-hackathon-for-students-how-to-get-work-experience-and-and-create-four-concepts-in-15-hours
541,https://futurice.com/blog/i-hate-the-word-idea
542,https://futurice.com/blog/k-ruoka-and-me-and-mycity-make-the-blue-arrow-2016-short-list
543,https://futurice.com/blog/5-important-things-kids-learn-from-coding-other-than-coding
544,https://futurice.com/blog/operationsnowflake-to-go-where-no-office-has-gone-before
545,https://futurice.com/blog/want-happy-employees
546,https://futurice.com/blog/playful-curious-digital
547,https://futurice.com/blog/are-you-critical-enough-to-be-creative
548,https://futurice.com/blog/a-saner-windows-command-line-part-2
549,https://futurice.com/blog/spicing-up-a-music-event
550,https://futurice.com/blog/categorizing-software-from-rigid-to-emergent
551,https://futurice.com/blog/a-saner-windows-command-line-part-1
552,https://futurice.com/blog/fake-it-till-you-make-it-in-digital-business
553,https://futurice.com/blog/love-the-brand
554,https://futurice.com/blog/space-dot-dot-dot-what
555,https://futurice.com/blog/beyond-measurement-designing-excellent-customer-experiences
556,https://futurice.com/blog/kaggle-data-science-meetup-at-futurice
557,https://futurice.com/blog/futurices-interview-process
558,https://futurice.com/blog/visual-design-basics
559,https://futurice.com/blog/what-we-are-learning-about-measuring-impact-and-where-we-want-to-get
560,https://futurice.com/blog/you-need-a-brand-more-than-it-needs-you
561,https://futurice.com/blog/futurice-at-interaction16
562,https://futurice.com/blog/year-2015-in-company-sponsored-open-source
563,https://futurice.com/blog/comptels-new-concept
564,https://futurice.com/blog/design-at-futurice
565,https://futurice.com/blog/freeriding-meets-branding
566,https://futurice.com/blog/chilicorn-code-club
567,https://futurice.com/blog/key-features
568,https://futurice.com/blog/the-new-iot-office-experience
569,https://futurice.com/blog/to-innovate-is-to-hustle
570,https://futurice.com/blog/to-awwwards-and-back-amsterdam-edition
571,https://futurice.com/blog/sex-shopping-and-online-forms
572,https://futurice.com/blog/scaling-agility
573,https://futurice.com/blog/fosdem-haikus
574,https://futurice.com/blog/photoshop-productivity-hack-paste-and-match-style-alternative
575,https://futurice.com/blog/api-services-mvc
576,https://futurice.com/blog/how-to-change-the-world-byte-by-byte
577,https://futurice.com/blog/friday-literally
578,https://futurice.com/blog/10-steps-to-a-kickass-hackathon
579,https://futurice.com/blog/healthcares-digital-future
580,https://futurice.com/blog/virtualreality-and-nextgenexperiences
581,https://futurice.com/blog/vjing-with-web-midi-and-rxjs
582,https://futurice.com/blog/understanding-software
583,https://futurice.com/blog/elm-in-the-real-world
584,https://futurice.com/blog/make-it-move-make-it-bounce
585,https://futurice.com/blog/key-learnings-from-digital-innovation-in-under-a-minute
586,https://futurice.com/blog/my-2015-futuforce-awakens
587,https://futurice.com/blog/banks-without-assets
588,https://futurice.com/blog/trying-out-clojurescript
589,https://futurice.com/blog/geeks-climate-opportunity-map
590,https://futurice.com/blog/self-explanatory-code
591,https://futurice.com/blog/digital-hospitality
592,https://futurice.com/blog/why-hackathon
593,https://futurice.com/blog/role-of-service-design-and-user-insights-in-innovation-process
594,https://futurice.com/blog/trust
595,https://futurice.com/blog/breaking-news-wwweeklies-is-now-a-public-event
596,https://futurice.com/blog/innovative-culture-at-the-euw-2015
597,https://futurice.com/blog/analytics-vs-user-research-why-do-you-need-both
598,https://futurice.com/blog/five-steps-to-a-great-application
599,https://futurice.com/blog/10-things-that-make-your-scrum-master-cry
600,https://futurice.com/blog/a-deeper-understanding-of-silicon-valley
601,https://futurice.com/blog/create-customer-value
602,https://futurice.com/blog/sharing-backend-best-practices
603,https://futurice.com/blog/some-things-never-change
604,https://futurice.com/blog/javafx-vpn-wizard
605,https://futurice.com/blog/code-camp-15-conquering-the-galaxy
606,https://futurice.com/blog/time-is-the-fire-in-which-we-burn
607,https://futurice.com/blog/how-to-test-your-automated-tests
608,https://futurice.com/blog/candidates
609,https://futurice.com/blog/flou-the-future-of-digital-media
610,https://futurice.com/blog/responsible-design
611,https://futurice.com/blog/broken-uitableviewcontroller-initializer-in-swift
612,https://futurice.com/blog/quick-and-dirty-or-in-depth-insights
613,https://futurice.com/blog/futurice-at-polyconf-poznan
614,https://futurice.com/blog/why-debugging-is-all-about-understanding
615,https://futurice.com/blog/biology-is-the-new-digital-and-other-iot-insights-from-solidcon
616,https://futurice.com/blog/its-not-just-about-making-things-pretty-business-value-of-design-and-measuring-it
617,https://futurice.com/blog/time-for-brainwork-webvisions-bcn-2015
618,https://futurice.com/blog/suomi24-data-science-hackathon-results-and-afterthoughts
619,https://futurice.com/blog/learning-functional-reactive-programming-with-elm
620,https://futurice.com/blog/futurice-goes-back-to-school
621,https://futurice.com/blog/scrum-masters-toolbox-sprint-length
622,https://futurice.com/blog/ux-in-b2b-systems-part-2-why-should-b2b-companies-care
623,https://futurice.com/blog/code-school-for-adults
624,https://futurice.com/blog/do-you-trust-your-car-mechanic
625,https://futurice.com/blog/futurice-at-jsconf-budapest
626,https://futurice.com/blog/how-your-business-goals-affect-your-mobile-application-data-collection
627,https://futurice.com/blog/tales-from-thingscon-berlin-2015
628,https://futurice.com/blog/sequentiality-killed-the-cat
629,https://futurice.com/blog/the-digital-transformation-of-european-industry
630,https://futurice.com/blog/teaching-lean-to-the-japanese
631,https://futurice.com/blog/the-t-shirt-test
632,https://futurice.com/blog/dear-clients-in-the-food-industry
633,https://futurice.com/blog/greetings-from-slush-asia
634,https://futurice.com/blog/best-practices-mobile
635,https://futurice.com/blog/tell-everyone-about-your-digital-project
636,https://futurice.com/blog/tailored-retail-part-1
637,https://futurice.com/blog/your-digital-service-is-your-marketing
638,https://futurice.com/blog/beer-and-tech-at-futurice-berlin
639,https://futurice.com/blog/cms-done-right-vol-2
640,https://futurice.com/blog/cms-done-right-vol-1
641,https://futurice.com/blog/prototyping-is-always-worth-it
642,https://futurice.com/blog/id-like-to-have-some-lcd-on-my-pi
643,https://futurice.com/blog/predictive-interfaces-bring-more-intelligence-to-software
644,https://futurice.com/blog/futurice-at-thingscon
645,https://futurice.com/blog/beer-in-the-fridge-but-you-have-to-help-carry-it
646,https://futurice.com/blog/declarative-apps-with-polymers-two-way-data-binding
647,https://futurice.com/blog/build-measure-learn
648,https://futurice.com/blog/futurice-crew-at-mwc15
649,https://futurice.com/blog/a-good-service-designer
650,https://futurice.com/blog/fosdem-dialogues
651,https://futurice.com/blog/deep-impact
652,https://futurice.com/blog/futurice-technology-radar
653,https://futurice.com/blog/dont-worry-the-user-wont-bite
654,https://futurice.com/blog/play-doh-goes-digital
655,https://futurice.com/blog/thekidsarealright
656,https://futurice.com/blog/ten-steps-towards-a-lean-service-development-process
657,https://futurice.com/blog/thethingcast-internetofthings-podcast
658,https://futurice.com/blog/a-culture-of-experimentation-is-the-key-to-survival
659,https://futurice.com/blog/validating-in-app-purchases-in-your-ios-app
660,https://futurice.com/blog/the-internet-of-things-a-revolution-in-the-vendor-slash-customer-relationship
661,https://futurice.com/blog/programmer-proverbs
662,https://futurice.com/blog/mobile-application-analytics-why-you-dont-want-to-miss-out
663,https://futurice.com/blog/humans-rule-computers-suck
664,https://futurice.com/blog/the-trade-off-between-quality-and-features-and-its-significance-for-service-development-and-business
665,https://futurice.com/blog/value-creation-from-digital-analytics
666,https://futurice.com/blog/lean-service-creation-a-video-blog
667,https://futurice.com/blog/a-revolution-in-innovation-the-spirit-of-silicon-valley-comes-to-europe
668,https://futurice.com/blog/better-than-google-use-cases-for-topical-search
669,https://futurice.com/blog/from-t-to-pi-design-skill-expectations-in-change
670,https://futurice.com/blog/state-of-digital-transformation-2014
671,https://futurice.com/blog/futurice-open-source-program-the-spice-program
672,https://futurice.com/blog/an-example-of-functional-design
673,https://futurice.com/blog/gen-x-vs-gen-y
674,https://futurice.com/blog/the-biggest-thing-we-can-offer
675,https://futurice.com/blog/tet-is-absolutely-important
676,https://futurice.com/blog/codeschule-taking-a-finnish-idea-to-germany
677,https://futurice.com/blog/6-ways-companies-should-adapt-to-the-social-revolution
678,https://futurice.com/blog/lets-not-only-watch-or-follow-trends-lets-lead-them
679,https://futurice.com/blog/futulabs-illuminated-the-path-ahead-at-slush
680,https://futurice.com/blog/sponsoring-free-time-open-source-activities
681,https://futurice.com/blog/don-normans-thoughts-on-the-creation-of-digital-services
682,https://futurice.com/blog/ladies-im-all-ears
683,https://futurice.com/blog/futulabs-at-slush2014
684,https://futurice.com/blog/futurice-loves-slush-insights-from-silicon-valley-part-1-truths
685,https://futurice.com/blog/vuoden-isa-father-of-the-year
686,https://futurice.com/blog/reactive-c-number-in-practice
687,https://futurice.com/blog/combining-react-flux-and-web-components
688,https://futurice.com/blog/reactive-mvc-and-the-virtual-dom
689,https://futurice.com/blog/build-environment-like-its-1986
690,https://futurice.com/blog/how-we-use-polymer-to-make-sales-transparent
691,https://futurice.com/blog/npm-registry-in-numbers
692,https://futurice.com/blog/abb-and-big-support-data
693,https://futurice.com/blog/multi-platform-mobile-development-with-xamarin
694,https://futurice.com/blog/summer-of-love-is-over-whats-next
695,https://futurice.com/blog/ios8-homekit
696,https://futurice.com/blog/user-friendly-web-ui-for-ldap
697,https://futurice.com/blog/futurice-helsinki-will-move-to-kamppi
698,https://futurice.com/blog/vpn-management-self-provisioning-and-more
699,https://futurice.com/blog/sneak-peek-at-google-fit
700,https://futurice.com/blog/android-development-has-its-own-swift
701,https://futurice.com/blog/reservator
702,https://futurice.com/blog/adaptive-views-in-ios-8
703,https://futurice.com/blog/managing-ux-in-scrum-project
704,https://futurice.com/blog/towards-modern-healthcare
705,https://futurice.com/blog/facegame
706,https://futurice.com/blog/how-does-automatic-learning-of-customer-preferences-improve-your-business
707,https://futurice.com/blog/greetings-from-summer-interns
708,https://futurice.com/blog/a-swift-outlook
709,https://futurice.com/blog/the-future-is-digital-and-full-of-data
710,https://futurice.com/blog/ios-8
711,https://futurice.com/blog/summer-of-love-of-open-source
712,https://futurice.com/blog/creating-digital-dialogue-through-services
713,https://futurice.com/blog/lean-service-creation-training-case-helsingin-energia
714,https://futurice.com/blog/lean-service-creation-part-2-the-training
715,https://futurice.com/blog/hwo2014-the-speed-of-the-electric-sheep
716,https://futurice.com/blog/designing-a-festival-app-a-hackathon-experience
717,https://futurice.com/blog/the-recipe-for-successful-digital-services
718,https://futurice.com/blog/on-weddings-and-brainstorming-ideas
719,https://futurice.com/blog/houkutteleva-tietoyhteiskunta-ei-tuijota-tekniikkaa
720,https://futurice.com/blog/intelligent-authentication
721,https://futurice.com/blog/karkimedia-baari-nominated-as-best-b2b-service-finalist-in-grand-one-2014
722,https://futurice.com/blog/underlining-gender-in-it
723,https://futurice.com/blog/introducing-children-to-the-joy-of-programming
724,https://futurice.com/blog/lean-service-creation-part-1
725,https://futurice.com/blog/futurice-design-day
726,https://futurice.com/blog/android-unit-testing-in-android-studio-and-ci-environments
727,https://futurice.com/blog/top-7-tips-for-rxjava-on-android
728,https://futurice.com/blog/ux-in-b2b-systems-part-1-what-is-it-all-about
729,https://futurice.com/blog/tech-pick-of-the-week-log-anomaly-detection-tools
730,https://futurice.com/blog/slush-is-optimism-and-win-win
731,https://futurice.com/blog/the-power-of-familiarity-day-one-at-slush
732,https://futurice.com/blog/tech-pick-of-the-week-jsstana
733,https://futurice.com/blog/better-quality-does-not-mean-extra-time-and-budget
734,https://futurice.com/blog/a-kick-starter-for-sharing-futurices-culture-audit
735,https://futurice.com/blog/tech-pick-of-the-week-clojure
736,https://futurice.com/blog/tech-pick-of-the-week-rx-for-net-and-rxjava-for-android
737,https://futurice.com/blog/tech-pick-of-the-week-bem
738,https://futurice.com/blog/corporate-innovation-processes-create-a-pub-not-a-funnel
739,https://futurice.com/blog/how-to-start-a-design-career-when-you-havent-even-finished-high-school
740,https://futurice.com/blog/festival-memories-or-quantified-fun
741,https://futurice.com/blog/tech-pick-of-the-week-pushd
742,https://futurice.com/blog/is-it-a-mans-world
743,https://futurice.com/blog/tech-pick-of-the-week-angularjs
744,https://futurice.com/blog/lean-startup-is-a-business-development-framework
745,https://futurice.com/blog/seeking-permission-or-feedback
746,https://futurice.com/blog/rock-out-with-your-app-out
747,https://futurice.com/blog/join-us-in-sharing
748,https://futurice.com/blog/what-made-me-stay
749,https://futurice.com/blog/sharing-at-the-futurice-code-camp
750,https://futurice.com/blog/the-many-benefits-of-transparency
751,https://futurice.com/blog/futurice-scrum-club-day-2
752,https://futurice.com/blog/our-first-code-camp-definitely-worth-it
753,https://futurice.com/blog/the-day-when-i-started-to-listen-to-the-client
754,https://futurice.com/blog/futurice-scrum-club-day-1
755,https://futurice.com/blog/a-story-about-design-decisions-and-legacy-code
756,https://futurice.com/blog/what-is-custom-software
757,https://futurice.com/blog/digital-transformation-is-about-people
758,https://futurice.com/blog/friendship-without-limits-ux
759,https://futurice.com/blog/on-trust
760,https://futurice.com/blog/9-steps-of-digital-magazine-design
761,https://futurice.com/blog/why-does-futurice-exist
762,https://futurice.com/blog/a-retrospective-on-a-year-as-europes-best-workplace
763,https://futurice.com/blog/setting-it-goals-wheres-your-focus
764,https://futurice.com/blog/change-team-organising-the-stakeholders-to-make-the-change-happen
765,https://futurice.com/blog/photoshop-we-need-to-talk
766,https://futurice.com/blog/if-need-be-well-defend-you-from-yourself
767,https://futurice.com/blog/you-wont-always-get-what-you-order-from-us
768,https://futurice.com/blog/validated-design-no-more-guesswork
769,https://futurice.com/blog/5-steps-to-a-great-application
770,https://futurice.com/blog/futubileet-2012
771,https://futurice.com/blog/a-beginners-guide-to-starting-an-fm-radio-station-in-finland
772,https://futurice.com/blog/how-to-solve-the-unsolvable-a-learning-story-from-the-field-of-machine-learning
773,https://futurice.com/blog/julkishallinnon-tietotekniikka-on-paivitettava-2010-luvulle
774,https://futurice.com/blog/futurice-europes-best-workplace
775,https://futurice.com/blog/you-must-be-somewhere-in-london
776,https://futurice.com/blog/defining-our-brand-of-agile-maintenance
777,https://futurice.com/blog/decision-making-at-futurice
778,https://futurice.com/blog/consider-maintenance-from-the-beginning
779,https://futurice.com/blog/new-public-status-pages
780,https://futurice.com/blog/public-performance-and-uptime-information
781,https://futurice.com/blog/global-service-jam-2012
782,https://futurice.com/blog/better-place-to-work-lets-make-it-together
783,https://futurice.com/blog/designing-and-building-apps-for-four-platforms-in-50-hours
784,https://futurice.com/blog/five-environments-you-cannot-develop-without
785,https://futurice.com/blog/useful-django-resources
786,https://futurice.com/blog/woo-our-brand-book-is-done
787,https://futurice.com/blog/one-click-taxi-ordering
788,https://futurice.com/blog/lets-contribute
789,https://futurice.com/blog/the-first-production-deployment-is-the-hardest
790,https://futurice.com/blog/backups-at-futurice
791,https://futurice.com/blog/customers-role-in-project-success
792,https://futurice.com/blog/reaktor-dev-day
793,https://futurice.com/blog/field-testing
794,https://futurice.com/blog/slut-innovations
795,https://futurice.com/blog/strategy-trust-windows-and-lenin
796,https://futurice.com/blog/breakfast-briefing-utilizing-the-fast-changes-in-the-mobile-space-to-drive-your-business
797,https://futurice.com/blog/what-should-they-teach-in-high-school
798,https://futurice.com/blog/the-danger-of-asking-users
799,https://futurice.com/blog/migrating-svn-repos-with-full-history-to-git-a-story-from-the-trenches
800,https://futurice.com/blog/from-good-to-even-better
801,https://futurice.com/blog/quality-assurance-is-dead-dot-dot-dot-long-live-quality-leading
802,https://futurice.com/blog/smorgasbord-or-a-la-carte-for-the-end-users
803,https://futurice.com/blog/first-year-in-germany-is-a-huge-success
804,https://futurice.com/blog/why-personal-virtual-servers
805,https://futurice.com/blog/personal-virtual-servers
806,https://futurice.com/blog/tightening-the-web-around-software
807,https://futurice.com/blog/futurice-at-tampere-meego-network-meetup
808,https://futurice.com/blog/futurice-2010-in-pictures
809,https://futurice.com/blog/mongo-berlin-2010-and-thoughts-on-nosql
810,https://futurice.com/blog/futurice-speaking-about-android-development-at-aalto-university
811,https://futurice.com/blog/the-future-is-here-rails-and-the-cloud-ecosystem
812,https://futurice.com/blog/the-tricky-business-of-selling-ruby-on-rails-projects
813,https://futurice.com/blog/make-up-simple-solutions-that-fit-your-organization
814,https://futurice.com/blog/pekka-tarjanne-1937-2010
815,https://futurice.com/blog/user-testing-the-ultimate-reality-check
816,https://futurice.com/blog/quality-time-session-based-testing-faq
817,https://futurice.com/blog/search-the-best-friend-and-worst-enemy-of-21st-century-websites
